,Date,Open,High,Low,Close,Adj Close,Volume
0,2021-10-26,149.3300018310547,150.83999633789062,149.00999450683594,149.32000732421875,147.6122283935547,60893400
1,2021-10-27,149.36000061035156,149.72999572753906,148.49000549316406,148.85000610351562,147.1476287841797,56094900
2,2021-10-28,149.82000732421875,153.1699981689453,149.72000122070312,152.57000732421875,150.82508850097656,100077900
3,2021-10-29,147.22000122070312,149.94000244140625,146.41000366210938,149.8000030517578,148.08676147460938,124953200
4,2021-11-01,148.99000549316406,149.6999969482422,147.8000030517578,148.9600067138672,147.25637817382812,74588300
5,2021-11-02,148.66000366210938,151.57000732421875,148.64999389648438,150.02000427246094,148.3042449951172,69122000
6,2021-11-03,150.38999938964844,151.97000122070312,149.82000732421875,151.49000549316406,149.7574462890625,54511500
7,2021-11-04,151.5800018310547,152.42999267578125,150.63999938964844,150.9600067138672,149.23348999023438,60394600
8,2021-11-05,151.88999938964844,152.1999969482422,150.05999755859375,151.27999877929688,149.76809692382812,65463900
9,2021-11-08,151.41000366210938,151.57000732421875,150.16000366210938,150.44000244140625,148.93649291992188,55020900
10,2021-11-09,150.1999969482422,151.42999267578125,150.05999755859375,150.80999755859375,149.30279541015625,56787900
11,2021-11-10,150.02000427246094,150.1300048828125,147.85000610351562,147.9199981689453,146.44166564941406,65187100
12,2021-11-11,148.9600067138672,149.42999267578125,147.67999267578125,147.8699951171875,146.3921661376953,41000000
13,2021-11-12,148.42999267578125,150.39999389648438,147.47999572753906,149.99000549316406,148.49099731445312,63804000
14,2021-11-15,150.3699951171875,151.8800048828125,149.42999267578125,150.0,148.50088500976562,59222800
15,2021-11-16,149.94000244140625,151.49000549316406,149.33999633789062,151.0,149.49090576171875,59256200
16,2021-11-17,151.0,155.0,150.99000549316406,153.49000549316406,151.95599365234375,88807000
17,2021-11-18,153.7100067138672,158.6699981689453,153.0500030517578,157.8699951171875,156.29222106933594,137827700
18,2021-11-19,157.64999389648438,161.02000427246094,156.52999877929688,160.5500030517578,158.94546508789062,117305600
19,2021-11-22,161.67999267578125,165.6999969482422,161.0,161.02000427246094,159.41073608398438,117467900
20,2021-11-23,161.1199951171875,161.8000030517578,159.05999755859375,161.41000366210938,159.79684448242188,96041900
21,2021-11-24,160.75,162.13999938964844,159.63999938964844,161.94000244140625,160.32156372070312,69463600
22,2021-11-26,159.57000732421875,160.4499969482422,156.36000061035156,156.80999755859375,155.2428436279297,76959800
23,2021-11-29,159.3699951171875,161.19000244140625,158.7899932861328,160.24000549316406,158.63853454589844,88748200
24,2021-11-30,159.99000549316406,165.52000427246094,159.9199981689453,165.3000030517578,163.6479949951172,174048100
25,2021-12-01,167.47999572753906,170.3000030517578,164.52999877929688,164.77000427246094,163.12327575683594,152052500
26,2021-12-02,158.74000549316406,164.1999969482422,157.8000030517578,163.75999450683594,162.1233367919922,136739200
27,2021-12-03,164.02000427246094,164.9600067138672,159.72000122070312,161.83999633789062,160.22254943847656,118023100
28,2021-12-06,164.2899932861328,167.8800048828125,164.27999877929688,165.32000732421875,163.66778564453125,107497000
29,2021-12-07,169.0800018310547,171.5800018310547,168.33999633789062,171.17999267578125,169.46920776367188,120405400
30,2021-12-08,172.1300048828125,175.9600067138672,170.6999969482422,175.0800018310547,173.3302459716797,116998900
31,2021-12-09,174.91000366210938,176.75,173.9199981689453,174.55999755859375,172.81541442871094,108923700
32,2021-12-10,175.2100067138672,179.6300048828125,174.69000244140625,179.4499969482422,177.65658569335938,115402700
33,2021-12-13,181.1199951171875,182.1300048828125,175.52999877929688,175.74000549316406,173.98362731933594,153237000
34,2021-12-14,175.25,177.74000549316406,172.2100067138672,174.3300018310547,172.58775329589844,139380400
35,2021-12-15,175.11000061035156,179.5,172.30999755859375,179.3000030517578,177.508056640625,131063300
36,2021-12-16,179.27999877929688,181.13999938964844,170.75,172.25999450683594,170.5384063720703,150185800
37,2021-12-17,169.92999267578125,173.47000122070312,169.69000244140625,171.13999938964844,169.42962646484375,195432700
38,2021-12-20,168.27999877929688,170.5800018310547,167.4600067138672,169.75,168.05349731445312,107499100
39,2021-12-21,171.55999755859375,173.1999969482422,169.1199951171875,172.99000549316406,171.26112365722656,91185900
40,2021-12-22,173.0399932861328,175.86000061035156,172.14999389648438,175.63999938964844,173.88462829589844,92135300
41,2021-12-23,175.85000610351562,176.85000610351562,175.27000427246094,176.27999877929688,174.5182342529297,68356600
42,2021-12-27,177.08999633789062,180.4199981689453,177.07000732421875,180.3300018310547,178.52777099609375,74919600
43,2021-12-28,180.16000366210938,181.3300018310547,178.52999877929688,179.2899932861328,177.49815368652344,79144300
44,2021-12-29,179.3300018310547,180.6300048828125,178.13999938964844,179.3800048828125,177.58724975585938,62348900
45,2021-12-30,179.47000122070312,180.57000732421875,178.08999633789062,178.1999969482422,176.41905212402344,59773000
46,2021-12-31,178.08999633789062,179.22999572753906,177.25999450683594,177.57000732421875,175.7953643798828,64062300
47,2022-01-03,177.8300018310547,182.8800048828125,177.7100067138672,182.00999450683594,180.1909637451172,104487900
48,2022-01-04,182.6300048828125,182.94000244140625,179.1199951171875,179.6999969482422,177.90408325195312,99310400
49,2022-01-05,179.61000061035156,180.1699981689453,174.63999938964844,174.9199981689453,173.17181396484375,94537600
50,2022-01-06,172.6999969482422,175.3000030517578,171.63999938964844,172.0,170.28102111816406,96904000
51,2022-01-07,172.88999938964844,174.13999938964844,171.02999877929688,172.1699981689453,170.44931030273438,86709100
52,2022-01-10,169.0800018310547,172.5,168.1699981689453,172.19000244140625,170.46913146972656,106765600
53,2022-01-11,172.32000732421875,175.17999267578125,170.82000732421875,175.0800018310547,173.3302459716797,76138300
54,2022-01-12,176.1199951171875,177.17999267578125,174.82000732421875,175.52999877929688,173.77572631835938,74805200
55,2022-01-13,175.77999877929688,176.6199951171875,171.7899932861328,172.19000244140625,170.46913146972656,84505800
56,2022-01-14,171.33999633789062,173.77999877929688,171.08999633789062,173.07000732421875,171.34034729003906,80440800
57,2022-01-18,171.50999450683594,172.5399932861328,169.41000366210938,169.8000030517578,168.1029815673828,90956700
58,2022-01-19,170.0,171.0800018310547,165.94000244140625,166.22999572753906,164.56866455078125,94815000
59,2022-01-20,166.97999572753906,169.67999267578125,164.17999267578125,164.50999450683594,162.86585998535156,91420500
60,2022-01-21,164.4199981689453,166.3300018310547,162.3000030517578,162.41000366210938,160.78688049316406,122848900
61,2022-01-24,160.02000427246094,162.3000030517578,154.6999969482422,161.6199951171875,160.0047149658203,162294600
62,2022-01-25,158.97999572753906,162.75999450683594,157.02000427246094,159.77999877929688,158.1831512451172,115798400
63,2022-01-26,163.5,164.38999938964844,157.82000732421875,159.69000244140625,158.0940399169922,108275300
64,2022-01-27,162.4499969482422,163.83999633789062,158.27999877929688,159.22000122070312,157.6287384033203,121954600
65,2022-01-28,165.7100067138672,170.35000610351562,162.8000030517578,170.3300018310547,168.62770080566406,179935700
66,2022-01-31,170.16000366210938,175.0,169.50999450683594,174.77999877929688,173.0332489013672,115541600
67,2022-02-01,174.00999450683594,174.83999633789062,172.30999755859375,174.61000061035156,172.86492919921875,86213900
68,2022-02-02,174.75,175.8800048828125,173.3300018310547,175.83999633789062,174.0826416015625,84914300
69,2022-02-03,174.47999572753906,176.24000549316406,172.1199951171875,172.89999389648438,171.17202758789062,89418100
70,2022-02-04,171.67999267578125,174.10000610351562,170.67999267578125,172.38999938964844,170.8845672607422,82465400
71,2022-02-07,172.86000061035156,173.9499969482422,170.9499969482422,171.66000366210938,170.16091918945312,77251200
72,2022-02-08,171.72999572753906,175.35000610351562,171.42999267578125,174.8300018310547,173.30325317382812,74829200
73,2022-02-09,176.0500030517578,176.64999389648438,174.89999389648438,176.27999877929688,174.7406005859375,71285000
74,2022-02-10,174.13999938964844,175.47999572753906,171.5500030517578,172.1199951171875,170.61688232421875,90865900
75,2022-02-11,172.3300018310547,173.0800018310547,168.0399932861328,168.63999938964844,167.16729736328125,98670700
76,2022-02-14,167.3699951171875,169.5800018310547,166.55999755859375,168.8800048828125,167.4052276611328,86185500
77,2022-02-15,170.97000122070312,172.9499969482422,170.25,172.7899932861328,171.2810516357422,62527400
78,2022-02-16,171.85000610351562,173.33999633789062,170.0500030517578,172.5500030517578,171.04315185546875,61177400
79,2022-02-17,171.02999877929688,171.91000366210938,168.47000122070312,168.8800048828125,167.4052276611328,69589300
80,2022-02-18,169.82000732421875,170.5399932861328,166.19000244140625,167.3000030517578,165.83900451660156,82772700
81,2022-02-22,164.97999572753906,166.69000244140625,162.14999389648438,164.32000732421875,162.88504028320312,91162800
82,2022-02-23,165.5399932861328,166.14999389648438,159.75,160.07000732421875,158.67214965820312,90009200
83,2022-02-24,152.5800018310547,162.85000610351562,152.0,162.74000549316406,161.31883239746094,141147500
84,2022-02-25,163.83999633789062,165.1199951171875,160.8699951171875,164.85000610351562,163.410400390625,91974200
85,2022-02-28,163.05999755859375,165.4199981689453,162.42999267578125,165.1199951171875,163.67803955078125,95056600
86,2022-03-01,164.6999969482422,166.60000610351562,161.97000122070312,163.1999969482422,161.77481079101562,83474400
87,2022-03-02,164.38999938964844,167.36000061035156,162.9499969482422,166.55999755859375,165.10545349121094,79724800
88,2022-03-03,168.47000122070312,168.91000366210938,165.5500030517578,166.22999572753906,164.77835083007812,76678400
89,2022-03-04,164.49000549316406,165.5500030517578,162.10000610351562,163.1699981689453,161.7450714111328,83737200
90,2022-03-07,163.36000061035156,165.02000427246094,159.0399932861328,159.3000030517578,157.90887451171875,96418800
91,2022-03-08,158.82000732421875,162.8800048828125,155.8000030517578,157.44000244140625,156.06512451171875,131148300
92,2022-03-09,161.47999572753906,163.41000366210938,159.41000366210938,162.9499969482422,161.52699279785156,91454900
93,2022-03-10,160.1999969482422,160.38999938964844,155.97999572753906,158.52000427246094,157.13568115234375,105342000
94,2022-03-11,158.92999267578125,159.27999877929688,154.5,154.72999572753906,153.37876892089844,96970100
95,2022-03-14,151.4499969482422,154.1199951171875,150.10000610351562,150.6199951171875,149.30465698242188,108732100
96,2022-03-15,150.89999389648438,155.57000732421875,150.3800048828125,155.08999633789062,153.73562622070312,92964300
97,2022-03-16,157.0500030517578,160.0,154.4600067138672,159.58999633789062,158.19635009765625,102300200
98,2022-03-17,158.61000061035156,161.0,157.6300048828125,160.6199951171875,159.2173309326172,75615400
99,2022-03-18,160.50999450683594,164.47999572753906,159.75999450683594,163.97999572753906,162.54800415039062,123511700
100,2022-03-21,163.50999450683594,166.35000610351562,163.00999450683594,165.3800048828125,163.935791015625,95811400
101,2022-03-22,165.50999450683594,169.4199981689453,164.91000366210938,168.82000732421875,167.34573364257812,81532000
102,2022-03-23,167.99000549316406,172.63999938964844,167.64999389648438,170.2100067138672,168.72361755371094,98062700
103,2022-03-24,171.05999755859375,174.13999938964844,170.2100067138672,174.07000732421875,172.54989624023438,90131400
104,2022-03-25,173.8800048828125,175.27999877929688,172.75,174.72000122070312,173.19418334960938,80546200
105,2022-03-28,172.1699981689453,175.72999572753906,172.0,175.60000610351562,174.0665283203125,90371900
106,2022-03-29,176.69000244140625,179.00999450683594,176.33999633789062,178.9600067138672,177.39718627929688,100589400
107,2022-03-30,178.5500030517578,179.61000061035156,176.6999969482422,177.77000427246094,176.21759033203125,92633200
108,2022-03-31,177.83999633789062,178.02999877929688,174.39999389648438,174.61000061035156,173.0851593017578,103049300
109,2022-04-01,174.02999877929688,174.8800048828125,171.94000244140625,174.30999755859375,172.7877960205078,78751300
110,2022-04-04,174.57000732421875,178.49000549316406,174.44000244140625,178.44000244140625,176.88172912597656,76468400
111,2022-04-05,177.5,178.3000030517578,174.4199981689453,175.05999755859375,173.53125,73401800
112,2022-04-06,172.36000061035156,173.6300048828125,170.1300048828125,171.8300018310547,170.32945251464844,89058800
113,2022-04-07,171.16000366210938,173.36000061035156,169.85000610351562,172.13999938964844,170.63671875,77594700
114,2022-04-08,171.77999877929688,171.77999877929688,169.1999969482422,170.08999633789062,168.6046600341797,76575500
115,2022-04-11,168.7100067138672,169.02999877929688,165.5,165.75,164.3025360107422,72246700
116,2022-04-12,168.02000427246094,169.8699951171875,166.63999938964844,167.66000366210938,166.1958465576172,79265200
117,2022-04-13,167.38999938964844,171.0399932861328,166.77000427246094,170.39999389648438,168.91192626953125,70618900
118,2022-04-14,170.6199951171875,171.27000427246094,165.0399932861328,165.2899932861328,163.8465576171875,75329400
119,2022-04-18,163.9199981689453,166.60000610351562,163.57000732421875,165.07000732421875,163.62847900390625,69023900
120,2022-04-19,165.02000427246094,167.82000732421875,163.91000366210938,167.39999389648438,165.93814086914062,67723800
121,2022-04-20,168.75999450683594,168.8800048828125,166.10000610351562,167.22999572753906,165.7696075439453,67929800
122,2022-04-21,168.91000366210938,171.52999877929688,165.91000366210938,166.4199981689453,164.9666748046875,87227800
123,2022-04-22,166.4600067138672,167.8699951171875,161.5,161.7899932861328,160.3771209716797,84882400
124,2022-04-25,161.1199951171875,163.1699981689453,158.4600067138672,162.8800048828125,161.45761108398438,96046400
125,2022-04-26,162.25,162.33999633789062,156.72000122070312,156.8000030517578,155.4307098388672,95623200
126,2022-04-27,155.91000366210938,159.7899932861328,155.3800048828125,156.57000732421875,155.20272827148438,88063200
127,2022-04-28,159.25,164.52000427246094,158.92999267578125,163.63999938964844,162.21096801757812,130216800
128,2022-04-29,161.83999633789062,166.1999969482422,157.25,157.64999389648438,156.27325439453125,131747600
129,2022-05-02,156.7100067138672,158.22999572753906,153.27000427246094,157.9600067138672,156.58058166503906,123055300
130,2022-05-03,158.14999389648438,160.7100067138672,156.32000732421875,159.47999572753906,158.08729553222656,88966500
131,2022-05-04,159.6699981689453,166.47999572753906,159.25999450683594,166.02000427246094,164.5701904296875,108256500
132,2022-05-05,163.85000610351562,164.0800018310547,154.9499969482422,156.77000427246094,155.4009552001953,130525300
133,2022-05-06,156.00999450683594,159.44000244140625,154.17999267578125,157.27999877929688,156.13558959960938,116124600
134,2022-05-09,154.92999267578125,155.8300018310547,151.49000549316406,152.05999755859375,150.9535369873047,131577900
135,2022-05-10,155.52000427246094,156.74000549316406,152.92999267578125,154.50999450683594,153.3857421875,115366700
136,2022-05-11,153.5,155.4499969482422,145.80999755859375,146.5,145.4340057373047,142689800
137,2022-05-12,142.77000427246094,146.1999969482422,138.8000030517578,142.55999755859375,141.52268981933594,182602000
138,2022-05-13,144.58999633789062,148.10000610351562,143.11000061035156,147.11000061035156,146.03958129882812,113990900
139,2022-05-16,145.5500030517578,147.52000427246094,144.17999267578125,145.5399932861328,144.48098754882812,86643800
140,2022-05-17,148.86000061035156,149.77000427246094,146.67999267578125,149.24000549316406,148.15406799316406,78336300
141,2022-05-18,146.85000610351562,147.36000061035156,139.89999389648438,140.82000732421875,139.79534912109375,109742900
142,2022-05-19,139.8800048828125,141.66000366210938,136.60000610351562,137.35000610351562,136.35060119628906,136095600
143,2022-05-20,139.08999633789062,140.6999969482422,132.61000061035156,137.58999633789062,136.58883666992188,137426100
144,2022-05-23,137.7899932861328,143.25999450683594,137.64999389648438,143.11000061035156,142.06869506835938,117726300
145,2022-05-24,140.80999755859375,141.97000122070312,137.3300018310547,140.36000061035156,139.3386993408203,104132700
146,2022-05-25,138.42999267578125,141.7899932861328,138.33999633789062,140.52000427246094,139.49754333496094,92482700
147,2022-05-26,137.38999938964844,144.33999633789062,137.13999938964844,143.77999877929688,142.73379516601562,90601500
148,2022-05-27,145.38999938964844,149.67999267578125,145.25999450683594,149.63999938964844,148.55116271972656,90978500
149,2022-05-31,149.07000732421875,150.66000366210938,146.83999633789062,148.83999633789062,147.75698852539062,103718400
150,2022-06-01,149.89999389648438,151.74000549316406,147.67999267578125,148.7100067138672,147.62794494628906,74286600
151,2022-06-02,147.8300018310547,151.27000427246094,146.86000061035156,151.2100067138672,150.10975646972656,72348100
152,2022-06-03,146.89999389648438,147.97000122070312,144.4600067138672,145.3800048828125,144.32215881347656,88570300
153,2022-06-06,147.02999877929688,148.57000732421875,144.89999389648438,146.13999938964844,145.07662963867188,71598400
154,2022-06-07,144.35000610351562,149.0,144.10000610351562,148.7100067138672,147.62794494628906,67808200
155,2022-06-08,148.5800018310547,149.8699951171875,147.4600067138672,147.9600067138672,146.88339233398438,53950200
156,2022-06-09,147.0800018310547,147.9499969482422,142.52999877929688,142.63999938964844,141.60211181640625,69473000
157,2022-06-10,140.27999877929688,140.75999450683594,137.05999755859375,137.1300048828125,136.13221740722656,91437900
158,2022-06-13,132.8699951171875,135.1999969482422,131.44000244140625,131.8800048828125,130.92039489746094,122207100
159,2022-06-14,133.1300048828125,133.88999938964844,131.47999572753906,132.75999450683594,131.7939910888672,84784300
160,2022-06-15,134.2899932861328,137.33999633789062,132.16000366210938,135.42999267578125,134.44456481933594,91533000
161,2022-06-16,132.0800018310547,132.38999938964844,129.0399932861328,130.05999755859375,129.11363220214844,108123900
162,2022-06-17,130.07000732421875,133.0800018310547,129.80999755859375,131.55999755859375,130.6027374267578,134520300
163,2022-06-21,133.4199981689453,137.05999755859375,133.32000732421875,135.8699951171875,134.88134765625,81000500
164,2022-06-22,134.7899932861328,137.75999450683594,133.91000366210938,135.35000610351562,134.36514282226562,73409200
165,2022-06-23,136.82000732421875,138.58999633789062,135.6300048828125,138.27000427246094,137.26390075683594,72433800
166,2022-06-24,139.89999389648438,141.91000366210938,139.77000427246094,141.66000366210938,140.6292266845703,89116800
167,2022-06-27,142.6999969482422,143.49000549316406,140.97000122070312,141.66000366210938,140.6292266845703,70207900
168,2022-06-28,142.1300048828125,143.4199981689453,137.32000732421875,137.44000244140625,136.43994140625,67083400
169,2022-06-29,137.4600067138672,140.6699981689453,136.6699981689453,139.22999572753906,138.2169189453125,66242400
170,2022-06-30,137.25,138.3699951171875,133.77000427246094,136.72000122070312,135.72518920898438,98964500
171,2022-07-01,136.0399932861328,139.0399932861328,135.66000366210938,138.92999267578125,137.91908264160156,71051600
172,2022-07-05,137.77000427246094,141.61000061035156,136.92999267578125,141.55999755859375,140.5299530029297,73353800
173,2022-07-06,141.35000610351562,144.1199951171875,141.0800018310547,142.9199981689453,141.88006591796875,74064300
174,2022-07-07,143.2899932861328,146.5500030517578,143.27999877929688,146.35000610351562,145.2851104736328,66253700
175,2022-07-08,145.25999450683594,147.5500030517578,145.0,147.0399932861328,145.97007751464844,64547800
176,2022-07-11,145.6699981689453,146.63999938964844,143.77999877929688,144.8699951171875,143.8158721923828,63141600
177,2022-07-12,145.75999450683594,148.4499969482422,145.0500030517578,145.86000061035156,144.7986602783203,77588800
178,2022-07-13,142.99000549316406,146.4499969482422,142.1199951171875,145.49000549316406,144.43136596679688,71185600
179,2022-07-14,144.0800018310547,148.9499969482422,143.25,148.47000122070312,147.38966369628906,78140700
180,2022-07-15,149.77999877929688,150.86000061035156,148.1999969482422,150.1699981689453,149.0773162841797,76259900
181,2022-07-18,150.74000549316406,151.57000732421875,146.6999969482422,147.07000732421875,145.99986267089844,81420900
182,2022-07-19,147.9199981689453,151.22999572753906,146.91000366210938,151.0,149.9012908935547,82982400
183,2022-07-20,151.1199951171875,153.72000122070312,150.3699951171875,153.0399932861328,151.92640686035156,64823400
184,2022-07-21,154.5,155.57000732421875,151.94000244140625,155.35000610351562,154.21961975097656,65086600
185,2022-07-22,155.38999938964844,156.27999877929688,153.41000366210938,154.08999633789062,152.9687957763672,66675400
186,2022-07-25,154.00999450683594,155.0399932861328,152.27999877929688,152.9499969482422,151.8370819091797,53623900
187,2022-07-26,152.25999450683594,153.08999633789062,150.8000030517578,151.60000610351562,150.49691772460938,55138700
188,2022-07-27,152.5800018310547,157.3300018310547,152.16000366210938,156.7899932861328,155.64913940429688,78620700
189,2022-07-28,156.97999572753906,157.63999938964844,154.41000366210938,157.35000610351562,156.205078125,81378700
190,2022-07-29,161.24000549316406,163.6300048828125,159.5,162.50999450683594,161.32752990722656,101786900
191,2022-08-01,161.00999450683594,163.58999633789062,160.88999938964844,161.50999450683594,160.33480834960938,67829400
192,2022-08-02,160.10000610351562,162.41000366210938,159.6300048828125,160.00999450683594,158.845703125,59907000
193,2022-08-03,160.83999633789062,166.58999633789062,160.75,166.1300048828125,164.9211883544922,82507500
194,2022-08-04,166.00999450683594,167.19000244140625,164.42999267578125,165.80999755859375,164.60350036621094,55474100
195,2022-08-05,163.2100067138672,165.85000610351562,163.0,165.35000610351562,164.3748779296875,56697000
196,2022-08-08,166.3699951171875,167.80999755859375,164.1999969482422,164.8699951171875,163.89768981933594,60276900
197,2022-08-09,164.02000427246094,165.82000732421875,163.25,164.9199981689453,163.94740295410156,63135500
198,2022-08-10,167.67999267578125,169.33999633789062,166.89999389648438,169.24000549316406,168.24192810058594,70170500
199,2022-08-11,170.05999755859375,170.99000549316406,168.19000244140625,168.49000549316406,167.49635314941406,57149200
200,2022-08-12,169.82000732421875,172.1699981689453,169.39999389648438,172.10000610351562,171.08506774902344,68039400
201,2022-08-15,171.52000427246094,173.38999938964844,171.35000610351562,173.19000244140625,172.16864013671875,54091700
202,2022-08-16,172.77999877929688,173.7100067138672,171.66000366210938,173.02999877929688,172.00958251953125,56377100
203,2022-08-17,172.77000427246094,176.14999389648438,172.57000732421875,174.5500030517578,173.52061462402344,79542000
204,2022-08-18,173.75,174.89999389648438,173.1199951171875,174.14999389648438,173.1229705810547,62290100
205,2022-08-19,173.02999877929688,173.74000549316406,171.30999755859375,171.52000427246094,170.50848388671875,70346300
206,2022-08-22,169.69000244140625,169.86000061035156,167.13999938964844,167.57000732421875,166.581787109375,69026800
207,2022-08-23,167.0800018310547,168.7100067138672,166.64999389648438,167.22999572753906,166.2437744140625,54147100
208,2022-08-24,167.32000732421875,168.11000061035156,166.25,167.52999877929688,166.54200744628906,53841500
209,2022-08-25,168.77999877929688,170.13999938964844,168.35000610351562,170.02999877929688,169.0272674560547,51218200
210,2022-08-26,170.57000732421875,171.0500030517578,163.55999755859375,163.6199951171875,162.65505981445312,78961000
211,2022-08-29,161.14999389648438,162.89999389648438,159.82000732421875,161.3800048828125,160.4282684326172,73314000
212,2022-08-30,162.1300048828125,162.55999755859375,157.72000122070312,158.91000366210938,157.9728546142578,77906200
213,2022-08-31,160.30999755859375,160.5800018310547,157.13999938964844,157.22000122070312,156.2928009033203,87991100
214,2022-09-01,156.63999938964844,158.4199981689453,154.6699981689453,157.9600067138672,157.02845764160156,74229900
215,2022-09-02,159.75,160.36000061035156,154.97000122070312,155.80999755859375,154.89112854003906,76957800
216,2022-09-06,156.47000122070312,157.08999633789062,153.69000244140625,154.52999877929688,153.61868286132812,73714800
217,2022-09-07,154.82000732421875,156.6699981689453,153.61000061035156,155.9600067138672,155.0402374267578,87449600
218,2022-09-08,154.63999938964844,156.36000061035156,152.67999267578125,154.4600067138672,153.54910278320312,84923800
219,2022-09-09,155.47000122070312,157.82000732421875,154.75,157.3699951171875,156.44192504882812,68028800
220,2022-09-12,159.58999633789062,164.25999450683594,159.3000030517578,163.42999267578125,162.4661865234375,104956000
221,2022-09-13,159.89999389648438,160.5399932861328,153.3699951171875,153.83999633789062,152.93275451660156,122656600
222,2022-09-14,154.7899932861328,157.10000610351562,153.61000061035156,155.30999755859375,154.39407348632812,87965400
223,2022-09-15,154.64999389648438,155.24000549316406,151.3800048828125,152.3699951171875,151.47140502929688,90481100
224,2022-09-16,151.2100067138672,151.35000610351562,148.3699951171875,150.6999969482422,149.81126403808594,162278800
225,2022-09-19,149.30999755859375,154.55999755859375,149.10000610351562,154.47999572753906,153.5689697265625,81474200
226,2022-09-20,153.39999389648438,158.0800018310547,153.0800018310547,156.89999389648438,155.9746856689453,107689800
227,2022-09-21,157.33999633789062,158.74000549316406,153.60000610351562,153.72000122070312,152.81346130371094,101696800
228,2022-09-22,152.3800048828125,154.47000122070312,150.91000366210938,152.74000549316406,151.8392333984375,86652500
229,2022-09-23,151.19000244140625,151.47000122070312,148.55999755859375,150.42999267578125,149.5428466796875,96029900
230,2022-09-26,149.66000366210938,153.77000427246094,149.63999938964844,150.77000427246094,149.880859375,93339400
231,2022-09-27,152.74000549316406,154.72000122070312,149.9499969482422,151.75999450683594,150.86500549316406,84442700
232,2022-09-28,147.63999938964844,150.63999938964844,144.83999633789062,149.83999633789062,148.95632934570312,146691400
233,2022-09-29,146.10000610351562,146.72000122070312,140.67999267578125,142.47999572753906,141.63973999023438,128138200
234,2022-09-30,141.27999877929688,143.10000610351562,138.0,138.1999969482422,137.38497924804688,124925300
235,2022-10-03,138.2100067138672,143.07000732421875,137.69000244140625,142.4499969482422,141.6099090576172,114311700
236,2022-10-04,145.02999877929688,146.22000122070312,144.25999450683594,146.10000610351562,145.2384033203125,87830100
237,2022-10-05,144.07000732421875,147.3800048828125,143.00999450683594,146.39999389648438,145.53660583496094,79471000
238,2022-10-06,145.80999755859375,147.5399932861328,145.22000122070312,145.42999267578125,144.5723419189453,68402200
239,2022-10-07,142.5399932861328,143.10000610351562,139.4499969482422,140.08999633789062,139.26382446289062,85925600
240,2022-10-10,140.4199981689453,141.88999938964844,138.57000732421875,140.4199981689453,139.59188842773438,74899000
241,2022-10-11,139.89999389648438,141.35000610351562,138.22000122070312,138.97999572753906,138.16036987304688,77033700
242,2022-10-12,139.1300048828125,140.36000061035156,138.16000366210938,138.33999633789062,137.52415466308594,70433700
243,2022-10-13,134.99000549316406,143.58999633789062,134.3699951171875,142.99000549316406,142.14674377441406,113224000
244,2022-10-14,144.30999755859375,144.52000427246094,138.19000244140625,138.3800048828125,137.5639190673828,88598000
245,2022-10-17,141.07000732421875,142.89999389648438,140.27000427246094,142.41000366210938,141.57015991210938,85250900
246,2022-10-18,145.49000549316406,146.6999969482422,140.61000061035156,143.75,142.90225219726562,99136600
247,2022-10-19,141.69000244140625,144.9499969482422,141.5,143.86000061035156,143.0115966796875,61758300
248,2022-10-20,143.02000427246094,145.88999938964844,142.64999389648438,143.38999938964844,142.54437255859375,64522000
249,2022-10-21,142.8699951171875,147.85000610351562,142.64999389648438,147.27000427246094,146.4014892578125,86548600
250,2022-10-24,147.19000244140625,150.22999572753906,146.0,149.4499969482422,148.56863403320312,75981900
251,2022-10-25,150.08999633789062,152.49000549316406,149.36000061035156,152.33999633789062,151.4415740966797,74732300
252,2022-10-26,150.9600067138672,151.99000549316406,148.0399932861328,149.35000610351562,148.46923828125,88194300
253,2022-10-27,148.07000732421875,149.0500030517578,144.1300048828125,144.8000030517578,143.94606018066406,109180200
254,2022-10-28,148.1999969482422,157.5,147.82000732421875,155.74000549316406,154.82154846191406,164762400
255,2022-10-31,153.16000366210938,154.24000549316406,151.9199981689453,153.33999633789062,152.43568420410156,97943200
256,2022-11-01,155.0800018310547,155.4499969482422,149.1300048828125,150.64999389648438,149.7615509033203,80379300
257,2022-11-02,148.9499969482422,152.1699981689453,145.0,145.02999877929688,144.17469787597656,93604600
258,2022-11-03,142.05999755859375,142.8000030517578,138.75,138.8800048828125,138.06097412109375,97918500
259,2022-11-04,142.08999633789062,142.6699981689453,134.3800048828125,138.3800048828125,137.7921142578125,140814800
260,2022-11-07,137.11000061035156,139.14999389648438,135.6699981689453,138.9199981689453,138.32981872558594,83374600
261,2022-11-08,140.41000366210938,141.42999267578125,137.49000549316406,139.5,138.9073486328125,89908500
262,2022-11-09,138.5,138.5500030517578,134.58999633789062,134.8699951171875,134.29701232910156,74917800
263,2022-11-10,141.24000549316406,146.8699951171875,139.5,146.8699951171875,146.2460479736328,118854000
264,2022-11-11,145.82000732421875,150.00999450683594,144.3699951171875,149.6999969482422,149.0640411376953,93979700
265,2022-11-14,148.97000122070312,150.27999877929688,147.42999267578125,148.27999877929688,147.65005493164062,73374100
266,2022-11-15,152.22000122070312,153.58999633789062,148.55999755859375,150.0399932861328,149.402587890625,89868300
267,2022-11-16,149.1300048828125,149.8699951171875,147.2899932861328,148.7899932861328,148.1578826904297,64218300
268,2022-11-17,146.42999267578125,151.47999572753906,146.14999389648438,150.72000122070312,150.07969665527344,80389400
269,2022-11-18,152.30999755859375,152.6999969482422,149.97000122070312,151.2899932861328,150.6472625732422,74829600
270,2022-11-21,150.16000366210938,150.3699951171875,147.72000122070312,148.00999450683594,147.38119506835938,58724100
271,2022-11-22,148.1300048828125,150.4199981689453,146.92999267578125,150.17999267578125,149.54197692871094,51804100
272,2022-11-23,149.4499969482422,151.8300018310547,149.33999633789062,151.07000732421875,150.42822265625,58301400
273,2022-11-25,148.30999755859375,148.8800048828125,147.1199951171875,148.11000061035156,147.48077392578125,35195900
274,2022-11-28,145.13999938964844,146.63999938964844,143.3800048828125,144.22000122070312,143.6072998046875,69246000
275,2022-11-29,144.2899932861328,144.80999755859375,140.35000610351562,141.1699981689453,140.5702667236328,83763800
276,2022-11-30,141.39999389648438,148.72000122070312,140.5500030517578,148.02999877929688,147.40110778808594,111380900
277,2022-12-01,148.2100067138672,149.1300048828125,146.61000061035156,148.30999755859375,147.679931640625,71250400
278,2022-12-02,145.9600067138672,148.0,145.64999389648438,147.80999755859375,147.1820526123047,65447400
279,2022-12-05,147.77000427246094,150.9199981689453,145.77000427246094,146.6300048828125,146.007080078125,68826400
280,2022-12-06,147.07000732421875,147.3000030517578,141.9199981689453,142.91000366210938,142.30287170410156,64727200
281,2022-12-07,142.19000244140625,143.3699951171875,140.0,140.94000244140625,140.34124755859375,69721100
282,2022-12-08,142.36000061035156,143.52000427246094,141.10000610351562,142.64999389648438,142.04397583007812,62128300
283,2022-12-09,142.33999633789062,145.57000732421875,140.89999389648438,142.16000366210938,141.55606079101562,76097000
284,2022-12-12,142.6999969482422,144.5,141.05999755859375,144.49000549316406,143.87615966796875,70462700
285,2022-12-13,149.5,149.97000122070312,144.24000549316406,145.47000122070312,144.8520050048828,93886200
286,2022-12-14,145.35000610351562,146.66000366210938,141.16000366210938,143.2100067138672,142.60159301757812,82291200
287,2022-12-15,141.11000061035156,141.8000030517578,136.02999877929688,136.5,135.92010498046875,98931900
288,2022-12-16,136.69000244140625,137.64999389648438,133.72999572753906,134.50999450683594,133.9385528564453,160156900
289,2022-12-19,135.11000061035156,135.1999969482422,131.32000732421875,132.3699951171875,131.80764770507812,79592600
290,2022-12-20,131.38999938964844,133.25,129.88999938964844,132.3000030517578,131.73794555664062,77432800
291,2022-12-21,132.97999572753906,136.80999755859375,132.75,135.4499969482422,134.8745574951172,85928000
292,2022-12-22,134.35000610351562,134.55999755859375,130.3000030517578,132.22999572753906,131.66824340820312,77852100
293,2022-12-23,130.9199981689453,132.4199981689453,129.63999938964844,131.86000061035156,131.29981994628906,63814900
294,2022-12-27,131.3800048828125,131.41000366210938,128.72000122070312,130.02999877929688,129.4775848388672,69007800
295,2022-12-28,129.6699981689453,131.02999877929688,125.87000274658203,126.04000091552734,125.5045394897461,85438400
296,2022-12-29,127.98999786376953,130.47999572753906,127.7300033569336,129.61000061035156,129.0593719482422,75703700
297,2022-12-30,128.41000366210938,129.9499969482422,127.43000030517578,129.92999267578125,129.3780059814453,77034200
298,2023-01-03,130.27999877929688,130.89999389648438,124.16999816894531,125.06999969482422,124.53865814208984,112117500
299,2023-01-04,126.88999938964844,128.66000366210938,125.08000183105469,126.36000061035156,125.82318878173828,89113600
300,2023-01-05,127.12999725341797,127.7699966430664,124.76000213623047,125.0199966430664,124.48887634277344,80962700
301,2023-01-06,126.01000213623047,130.2899932861328,124.88999938964844,129.6199951171875,129.06932067871094,87754700
302,2023-01-09,130.47000122070312,133.41000366210938,129.88999938964844,130.14999389648438,129.59706115722656,70790800
303,2023-01-10,130.25999450683594,131.25999450683594,128.1199951171875,130.72999572753906,130.1746063232422,63896200
304,2023-01-11,131.25,133.50999450683594,130.4600067138672,133.49000549316406,132.9228973388672,69458900
305,2023-01-12,133.8800048828125,134.25999450683594,131.44000244140625,133.41000366210938,132.84323120117188,71379600
306,2023-01-13,132.02999877929688,134.9199981689453,131.66000366210938,134.75999450683594,134.18748474121094,57809700
307,2023-01-17,134.8300018310547,137.2899932861328,134.1300048828125,135.94000244140625,135.3625030517578,63646600
308,2023-01-18,136.82000732421875,138.61000061035156,135.02999877929688,135.2100067138672,134.6355743408203,69672800
309,2023-01-19,134.0800018310547,136.25,133.77000427246094,135.27000427246094,134.69532775878906,58280400
310,2023-01-20,135.27999877929688,138.02000427246094,134.22000122070312,137.8699951171875,137.28427124023438,80223600
311,2023-01-23,138.1199951171875,143.32000732421875,137.89999389648438,141.11000061035156,140.51052856445312,81760300
312,2023-01-24,140.30999755859375,143.16000366210938,140.3000030517578,142.52999877929688,141.9244842529297,66435100
313,2023-01-25,140.88999938964844,142.42999267578125,138.80999755859375,141.86000061035156,141.25733947753906,65799300
314,2023-01-26,143.1699981689453,144.25,141.89999389648438,143.9600067138672,143.34841918945312,54105100
315,2023-01-27,143.16000366210938,147.22999572753906,143.0800018310547,145.92999267578125,145.31004333496094,70555800
316,2023-01-30,144.9600067138672,145.5500030517578,142.85000610351562,143.0,142.39248657226562,64015300
317,2023-01-31,142.6999969482422,144.33999633789062,142.27999877929688,144.2899932861328,143.677001953125,65874500
318,2023-02-01,143.97000122070312,146.61000061035156,141.32000732421875,145.42999267578125,144.81216430664062,77663600
319,2023-02-02,148.89999389648438,151.17999267578125,148.1699981689453,150.82000732421875,150.1792755126953,118339000
320,2023-02-03,148.02999877929688,157.3800048828125,147.8300018310547,154.5,153.8436279296875,154357300
321,2023-02-06,152.57000732421875,153.10000610351562,150.77999877929688,151.72999572753906,151.08538818359375,69858300
322,2023-02-07,150.63999938964844,155.22999572753906,150.63999938964844,154.64999389648438,153.9929962158203,83322600
323,2023-02-08,153.8800048828125,154.5800018310547,151.1699981689453,151.9199981689453,151.2745819091797,64120100
324,2023-02-09,153.77999877929688,154.3300018310547,150.4199981689453,150.8699951171875,150.2290496826172,56007100
325,2023-02-10,149.4600067138672,151.33999633789062,149.22000122070312,151.00999450683594,150.59803771972656,57450700
326,2023-02-13,150.9499969482422,154.25999450683594,150.9199981689453,153.85000610351562,153.43031311035156,62199000
327,2023-02-14,152.1199951171875,153.77000427246094,150.86000061035156,153.1999969482422,152.78207397460938,61707600
328,2023-02-15,153.11000061035156,155.5,152.8800048828125,155.3300018310547,154.90626525878906,65573800
329,2023-02-16,153.50999450683594,156.3300018310547,153.35000610351562,153.7100067138672,153.29067993164062,68167900
330,2023-02-17,152.35000610351562,153.0,150.85000610351562,152.5500030517578,152.13385009765625,59144100
331,2023-02-21,150.1999969482422,151.3000030517578,148.41000366210938,148.47999572753906,148.074951171875,58867200
332,2023-02-22,148.8699951171875,149.9499969482422,147.16000366210938,148.91000366210938,148.50376892089844,51011300
333,2023-02-23,150.08999633789062,150.33999633789062,147.24000549316406,149.39999389648438,148.992431640625,48394200
334,2023-02-24,147.11000061035156,147.19000244140625,145.72000122070312,146.7100067138672,146.30978393554688,55469600
335,2023-02-27,147.7100067138672,149.1699981689453,147.4499969482422,147.9199981689453,147.5164794921875,44998500
336,2023-02-28,147.0500030517578,149.0800018310547,146.8300018310547,147.41000366210938,147.00787353515625,50547000
337,2023-03-01,146.8300018310547,147.22999572753906,145.00999450683594,145.30999755859375,144.91360473632812,55479000
338,2023-03-02,144.3800048828125,146.7100067138672,143.89999389648438,145.91000366210938,145.51197814941406,52238100
339,2023-03-03,148.0399932861328,151.11000061035156,147.3300018310547,151.02999877929688,150.6179962158203,70732300
340,2023-03-06,153.7899932861328,156.3000030517578,153.4600067138672,153.8300018310547,153.41036987304688,87558000
341,2023-03-07,153.6999969482422,154.02999877929688,151.1300048828125,151.60000610351562,151.1864471435547,56182000
342,2023-03-08,152.80999755859375,153.47000122070312,151.8300018310547,152.8699951171875,152.45297241210938,47204800
343,2023-03-09,153.55999755859375,154.5399932861328,150.22999572753906,150.58999633789062,150.17918395996094,53833600
344,2023-03-10,150.2100067138672,150.94000244140625,147.61000061035156,148.5,148.0948944091797,68572400
345,2023-03-13,147.80999755859375,153.13999938964844,147.6999969482422,150.47000122070312,150.0595245361328,84457100
346,2023-03-14,151.27999877929688,153.39999389648438,150.10000610351562,152.58999633789062,152.17373657226562,73695900
347,2023-03-15,151.19000244140625,153.25,149.9199981689453,152.99000549316406,152.57264709472656,77167900
348,2023-03-16,152.16000366210938,156.4600067138672,151.63999938964844,155.85000610351562,155.4248504638672,76161100
349,2023-03-17,156.0800018310547,156.74000549316406,154.27999877929688,155.0,154.57716369628906,98944600
350,2023-03-20,155.07000732421875,157.82000732421875,154.14999389648438,157.39999389648438,156.97061157226562,73641400
351,2023-03-21,157.32000732421875,159.39999389648438,156.5399932861328,159.27999877929688,158.84548950195312,73938300
352,2023-03-22,159.3000030517578,162.13999938964844,157.80999755859375,157.8300018310547,157.39944458007812,75701800
353,2023-03-23,158.8300018310547,161.5500030517578,157.67999267578125,158.92999267578125,158.49644470214844,67622100
354,2023-03-24,158.86000061035156,160.33999633789062,157.85000610351562,160.25,159.81283569335938,59196500
355,2023-03-27,159.94000244140625,160.77000427246094,157.8699951171875,158.27999877929688,157.84820556640625,52390300
356,2023-03-28,157.97000122070312,158.49000549316406,155.97999572753906,157.64999389648438,157.2199249267578,45992200
357,2023-03-29,159.3699951171875,161.0500030517578,159.35000610351562,160.77000427246094,160.3314208984375,51305700
358,2023-03-30,161.52999877929688,162.47000122070312,161.27000427246094,162.36000061035156,161.91708374023438,49501700
359,2023-03-31,162.44000244140625,165.0,161.91000366210938,164.89999389648438,164.4501495361328,68749800
360,2023-04-03,164.27000427246094,166.2899932861328,164.22000122070312,166.1699981689453,165.71669006347656,56976200
361,2023-04-04,166.60000610351562,166.83999633789062,165.11000061035156,165.6300048828125,165.1781768798828,46278300
362,2023-04-05,164.74000549316406,165.0500030517578,161.8000030517578,163.75999450683594,163.31326293945312,51511700
363,2023-04-06,162.42999267578125,164.9600067138672,162.0,164.66000366210938,164.21083068847656,45390100
364,2023-04-10,161.4199981689453,162.02999877929688,160.0800018310547,162.02999877929688,161.58798217773438,47716900
365,2023-04-11,162.35000610351562,162.36000061035156,160.50999450683594,160.8000030517578,160.36134338378906,47644200
366,2023-04-12,161.22000122070312,162.05999755859375,159.77999877929688,160.10000610351562,159.66326904296875,50133100
367,2023-04-13,161.6300048828125,165.8000030517578,161.4199981689453,165.55999755859375,165.1083526611328,68445600
368,2023-04-14,164.58999633789062,166.32000732421875,163.82000732421875,165.2100067138672,164.7593231201172,49386500
369,2023-04-17,165.08999633789062,165.38999938964844,164.02999877929688,165.22999572753906,164.7792510986328,41516200
370,2023-04-18,166.10000610351562,167.41000366210938,165.64999389648438,166.47000122070312,166.01588439941406,49923000
371,2023-04-19,165.8000030517578,168.16000366210938,165.5399932861328,167.6300048828125,167.17271423339844,47720200
372,2023-04-20,166.08999633789062,167.8699951171875,165.55999755859375,166.64999389648438,166.1953887939453,52456400
373,2023-04-21,165.0500030517578,166.4499969482422,164.49000549316406,165.02000427246094,164.56983947753906,58337300
374,2023-04-24,165.0,165.60000610351562,163.88999938964844,165.3300018310547,164.8789825439453,41949600
375,2023-04-25,165.19000244140625,166.30999755859375,163.72999572753906,163.77000427246094,163.3232421875,48714100
376,2023-04-26,163.05999755859375,165.27999877929688,162.8000030517578,163.75999450683594,163.31326293945312,45498800
377,2023-04-27,165.19000244140625,168.55999755859375,165.19000244140625,168.41000366210938,167.95059204101562,64902300
378,2023-04-28,168.49000549316406,169.85000610351562,167.8800048828125,169.67999267578125,169.2171173095703,55209200
379,2023-05-01,169.27999877929688,170.4499969482422,168.63999938964844,169.58999633789062,169.1273651123047,52472900
380,2023-05-02,170.08999633789062,170.35000610351562,167.5399932861328,168.5399932861328,168.08023071289062,48425700
381,2023-05-03,169.5,170.9199981689453,167.16000366210938,167.4499969482422,166.99319458007812,65136000
382,2023-05-04,164.88999938964844,167.0399932861328,164.30999755859375,165.7899932861328,165.3377227783203,81235400
383,2023-05-05,170.97999572753906,174.3000030517578,170.75999450683594,173.57000732421875,173.0965118408203,113316400
384,2023-05-08,172.47999572753906,173.85000610351562,172.11000061035156,173.5,173.0266876220703,55962800
385,2023-05-09,173.0500030517578,173.5399932861328,171.60000610351562,171.77000427246094,171.30142211914062,45326900
386,2023-05-10,173.02000427246094,174.02999877929688,171.89999389648438,173.55999755859375,173.08653259277344,53724500
387,2023-05-11,173.85000610351562,174.58999633789062,172.1699981689453,173.75,173.27601623535156,49514700
388,2023-05-12,173.6199951171875,174.05999755859375,171.0,172.57000732421875,172.3372802734375,45497800
389,2023-05-15,173.16000366210938,173.2100067138672,171.47000122070312,172.07000732421875,171.8379669189453,37266700
390,2023-05-16,171.99000549316406,173.13999938964844,171.8000030517578,172.07000732421875,171.8379669189453,42110300
391,2023-05-17,171.7100067138672,172.92999267578125,170.4199981689453,172.69000244140625,172.45712280273438,57951600
392,2023-05-18,173.0,175.24000549316406,172.5800018310547,175.0500030517578,174.81393432617188,65496700
393,2023-05-19,176.38999938964844,176.38999938964844,174.94000244140625,175.16000366210938,174.92379760742188,55772400
394,2023-05-22,173.97999572753906,174.7100067138672,173.4499969482422,174.1999969482422,173.96507263183594,43570900
395,2023-05-23,173.1300048828125,173.3800048828125,171.27999877929688,171.55999755859375,171.32864379882812,50747300
396,2023-05-24,171.08999633789062,172.4199981689453,170.52000427246094,171.83999633789062,171.60826110839844,45143500
397,2023-05-25,172.41000366210938,173.89999389648438,171.69000244140625,172.99000549316406,172.7567138671875,56058300
398,2023-05-26,173.32000732421875,175.77000427246094,173.11000061035156,175.42999267578125,175.19342041015625,54835000
399,2023-05-30,176.9600067138672,178.99000549316406,176.57000732421875,177.3000030517578,177.06089782714844,55964400
400,2023-05-31,177.3300018310547,179.35000610351562,176.75999450683594,177.25,177.01097106933594,99625300
401,2023-06-01,177.6999969482422,180.1199951171875,176.92999267578125,180.08999633789062,179.84713745117188,68901800
402,2023-06-02,181.02999877929688,181.77999877929688,179.25999450683594,180.9499969482422,180.7059783935547,61945900
403,2023-06-05,182.6300048828125,184.9499969482422,178.0399932861328,179.5800018310547,179.33782958984375,121946500
404,2023-06-06,179.97000122070312,180.1199951171875,177.42999267578125,179.2100067138672,178.9683380126953,64848400
405,2023-06-07,178.44000244140625,181.2100067138672,177.32000732421875,177.82000732421875,177.5802001953125,61944600
406,2023-06-08,177.89999389648438,180.83999633789062,177.4600067138672,180.57000732421875,180.3264923095703,50214900
407,2023-06-09,181.5,182.22999572753906,180.6300048828125,180.9600067138672,180.71597290039062,48870700
408,2023-06-12,181.27000427246094,183.88999938964844,180.97000122070312,183.7899932861328,183.54214477539062,54274900
409,2023-06-13,182.8000030517578,184.14999389648438,182.44000244140625,183.30999755859375,183.0627899169922,54929100
410,2023-06-14,183.3699951171875,184.38999938964844,182.02000427246094,183.9499969482422,183.70193481445312,57462900
411,2023-06-15,183.9600067138672,186.52000427246094,183.77999877929688,186.00999450683594,185.7591552734375,65433200
412,2023-06-16,186.72999572753906,186.99000549316406,184.27000427246094,184.9199981689453,184.67062377929688,101235600
413,2023-06-20,184.41000366210938,186.10000610351562,184.41000366210938,185.00999450683594,184.760498046875,49799100
414,2023-06-21,184.89999389648438,185.41000366210938,182.58999633789062,183.9600067138672,183.71192932128906,49515700
415,2023-06-22,183.74000549316406,187.0500030517578,183.6699981689453,187.0,186.74781799316406,51245300
416,2023-06-23,185.5500030517578,187.55999755859375,185.00999450683594,186.67999267578125,186.42823791503906,53079300
417,2023-06-26,186.8300018310547,188.0500030517578,185.22999572753906,185.27000427246094,185.02015686035156,48088700
418,2023-06-27,185.88999938964844,188.38999938964844,185.6699981689453,188.05999755859375,187.80638122558594,50730800
419,2023-06-28,187.92999267578125,189.89999389648438,187.60000610351562,189.25,188.99478149414062,51216800
420,2023-06-29,189.0800018310547,190.07000732421875,188.94000244140625,189.58999633789062,189.33432006835938,46347300
421,2023-06-30,191.6300048828125,194.47999572753906,191.25999450683594,193.97000122070312,193.7084197998047,85069600
422,2023-07-03,193.77999877929688,193.8800048828125,191.75999450683594,192.4600067138672,192.20046997070312,31458200
423,2023-07-05,191.57000732421875,192.97999572753906,190.6199951171875,191.3300018310547,191.0719757080078,46920300
424,2023-07-06,189.83999633789062,192.02000427246094,189.1999969482422,191.80999755859375,191.55133056640625,45094300
425,2023-07-07,191.41000366210938,192.6699981689453,190.24000549316406,190.67999267578125,190.4228515625,46778000
426,2023-07-10,189.25999450683594,189.99000549316406,187.0399932861328,188.61000061035156,188.35565185546875,59922200
427,2023-07-11,189.16000366210938,189.3000030517578,186.60000610351562,188.0800018310547,187.8263702392578,46638100
428,2023-07-12,189.67999267578125,191.6999969482422,188.47000122070312,189.77000427246094,189.5140838623047,60750200
429,2023-07-13,190.5,191.19000244140625,189.77999877929688,190.5399932861328,190.2830352783203,41342300
430,2023-07-14,190.22999572753906,191.17999267578125,189.6300048828125,190.69000244140625,190.43284606933594,41573900
431,2023-07-17,191.89999389648438,194.32000732421875,191.80999755859375,193.99000549316406,193.7283935546875,50520200
432,2023-07-18,193.35000610351562,194.3300018310547,192.4199981689453,193.72999572753906,193.46873474121094,48353800
433,2023-07-19,193.10000610351562,198.22999572753906,192.64999389648438,195.10000610351562,194.83689880371094,80507300
434,2023-07-20,195.08999633789062,196.47000122070312,192.5,193.1300048828125,192.8695526123047,59581200
435,2023-07-21,194.10000610351562,194.97000122070312,191.22999572753906,191.94000244140625,191.68116760253906,71917800
436,2023-07-24,193.41000366210938,194.91000366210938,192.25,192.75,192.4900665283203,45377800
437,2023-07-25,193.3300018310547,194.44000244140625,192.9199981689453,193.6199951171875,193.35888671875,37283200
438,2023-07-26,193.6699981689453,195.63999938964844,193.32000732421875,194.5,194.23770141601562,47471900
439,2023-07-27,196.02000427246094,197.1999969482422,192.5500030517578,193.22000122070312,192.9594268798828,47460200
440,2023-07-28,194.6699981689453,196.6300048828125,194.13999938964844,195.8300018310547,195.56591796875,48291400
441,2023-07-31,196.05999755859375,196.49000549316406,195.25999450683594,196.4499969482422,196.18507385253906,38824100
442,2023-08-01,196.24000549316406,196.72999572753906,195.27999877929688,195.61000061035156,195.34620666503906,35175100
443,2023-08-02,195.0399932861328,195.17999267578125,191.85000610351562,192.5800018310547,192.32029724121094,50389300
444,2023-08-03,191.57000732421875,192.3699951171875,190.69000244140625,191.1699981689453,190.91220092773438,61235200
445,2023-08-04,185.52000427246094,187.3800048828125,181.9199981689453,181.99000549316406,181.7445831298828,115799700
446,2023-08-07,182.1300048828125,183.1300048828125,177.35000610351562,178.85000610351562,178.6088104248047,97576100
447,2023-08-08,179.69000244140625,180.27000427246094,177.5800018310547,179.8000030517578,179.55752563476562,67823000
448,2023-08-09,180.8699951171875,180.92999267578125,177.00999450683594,178.19000244140625,177.94970703125,60378500
449,2023-08-10,179.47999572753906,180.75,177.60000610351562,177.97000122070312,177.72999572753906,54686900
450,2023-08-11,177.32000732421875,178.6199951171875,176.5500030517578,177.7899932861328,177.7899932861328,51988100
451,2023-08-14,177.97000122070312,179.69000244140625,177.30999755859375,179.4600067138672,179.4600067138672,43675600
452,2023-08-15,178.8800048828125,179.47999572753906,177.0500030517578,177.4499969482422,177.4499969482422,43622600
453,2023-08-16,177.1300048828125,178.5399932861328,176.5,176.57000732421875,176.57000732421875,46964900
454,2023-08-17,177.13999938964844,177.50999450683594,173.47999572753906,174.0,174.0,66062900
455,2023-08-18,172.3000030517578,175.10000610351562,171.9600067138672,174.49000549316406,174.49000549316406,61114200
456,2023-08-21,175.07000732421875,176.1300048828125,173.74000549316406,175.83999633789062,175.83999633789062,46311900
457,2023-08-22,177.05999755859375,177.67999267578125,176.25,177.22999572753906,177.22999572753906,42084200
458,2023-08-23,178.52000427246094,181.5500030517578,178.3300018310547,181.1199951171875,181.1199951171875,52722800
459,2023-08-24,180.6699981689453,181.10000610351562,176.00999450683594,176.3800048828125,176.3800048828125,54945800
460,2023-08-25,177.3800048828125,179.14999389648438,175.82000732421875,178.61000061035156,178.61000061035156,51449600
461,2023-08-28,180.08999633789062,180.58999633789062,178.5500030517578,180.19000244140625,180.19000244140625,43820700
462,2023-08-29,179.6999969482422,184.89999389648438,179.5,184.1199951171875,184.1199951171875,53003900
463,2023-08-30,184.94000244140625,187.85000610351562,184.74000549316406,187.64999389648438,187.64999389648438,60813900
464,2023-08-31,187.83999633789062,189.1199951171875,187.47999572753906,187.8699951171875,187.8699951171875,60794500
465,2023-09-01,189.49000549316406,189.9199981689453,188.27999877929688,189.4600067138672,189.4600067138672,45732600
466,2023-09-05,188.27999877929688,189.97999572753906,187.61000061035156,189.6999969482422,189.6999969482422,45280000
467,2023-09-06,188.39999389648438,188.85000610351562,181.47000122070312,182.91000366210938,182.91000366210938,81755800
468,2023-09-07,175.17999267578125,178.2100067138672,173.5399932861328,177.55999755859375,177.55999755859375,112488800
469,2023-09-08,178.35000610351562,180.24000549316406,177.7899932861328,178.17999267578125,178.17999267578125,65551300
470,2023-09-11,180.07000732421875,180.3000030517578,177.33999633789062,179.36000061035156,179.36000061035156,58953100
471,2023-09-12,179.49000549316406,180.1300048828125,174.82000732421875,176.3000030517578,176.3000030517578,90370200
472,2023-09-13,176.50999450683594,177.3000030517578,173.97999572753906,174.2100067138672,174.2100067138672,84267900
473,2023-09-14,174.0,176.10000610351562,173.5800018310547,175.74000549316406,175.74000549316406,60895800
474,2023-09-15,176.47999572753906,176.5,173.82000732421875,175.00999450683594,175.00999450683594,109205100
475,2023-09-18,176.47999572753906,179.3800048828125,176.1699981689453,177.97000122070312,177.97000122070312,67257600
476,2023-09-19,177.52000427246094,179.6300048828125,177.1300048828125,179.07000732421875,179.07000732421875,51826900
477,2023-09-20,179.25999450683594,179.6999969482422,175.39999389648438,175.49000549316406,175.49000549316406,58436200
478,2023-09-21,174.5500030517578,176.3000030517578,173.86000061035156,173.92999267578125,173.92999267578125,63047900
479,2023-09-22,174.6699981689453,177.0800018310547,174.0500030517578,174.7899932861328,174.7899932861328,56725400
480,2023-09-25,174.1999969482422,176.97000122070312,174.14999389648438,176.0800018310547,176.0800018310547,46172700
481,2023-09-26,174.82000732421875,175.1999969482422,171.66000366210938,171.9600067138672,171.9600067138672,64588900
482,2023-09-27,172.6199951171875,173.0399932861328,169.0500030517578,170.42999267578125,170.42999267578125,66921800
483,2023-09-28,169.33999633789062,172.02999877929688,167.6199951171875,170.69000244140625,170.69000244140625,56294400
484,2023-09-29,172.02000427246094,173.07000732421875,170.33999633789062,171.2100067138672,171.2100067138672,51814200
485,2023-10-02,171.22000122070312,174.3000030517578,170.92999267578125,173.75,173.75,52164500
486,2023-10-03,172.25999450683594,173.6300048828125,170.82000732421875,172.39999389648438,172.39999389648438,49594600
487,2023-10-04,171.08999633789062,174.2100067138672,170.97000122070312,173.66000366210938,173.66000366210938,53020300
488,2023-10-05,173.7899932861328,175.4499969482422,172.67999267578125,174.91000366210938,174.91000366210938,48527900
489,2023-10-06,173.8000030517578,177.99000549316406,173.17999267578125,177.49000549316406,177.49000549316406,57224100
490,2023-10-09,176.80999755859375,179.0500030517578,175.8000030517578,178.99000549316406,178.99000549316406,42390800
491,2023-10-10,178.10000610351562,179.72000122070312,177.9499969482422,178.38999938964844,178.38999938964844,43698000
492,2023-10-11,178.1999969482422,179.85000610351562,177.60000610351562,179.8000030517578,179.8000030517578,47551100
493,2023-10-12,180.07000732421875,182.33999633789062,179.0399932861328,180.7100067138672,180.7100067138672,56743100
494,2023-10-13,181.4199981689453,181.92999267578125,178.13999938964844,178.85000610351562,178.85000610351562,51427100
495,2023-10-16,176.75,179.0800018310547,176.50999450683594,178.72000122070312,178.72000122070312,52517000
496,2023-10-17,176.64999389648438,178.4199981689453,174.8000030517578,177.14999389648438,177.14999389648438,57549400
497,2023-10-18,175.5800018310547,177.5800018310547,175.11000061035156,175.83999633789062,175.83999633789062,54764400
498,2023-10-19,176.0399932861328,177.83999633789062,175.19000244140625,175.4600067138672,175.4600067138672,59302900
499,2023-10-20,175.30999755859375,175.4199981689453,172.63999938964844,172.8800048828125,172.8800048828125,64189300
500,2023-10-23,170.91000366210938,174.00999450683594,169.92999267578125,173.0,173.0,55980100
501,2023-10-24,173.0500030517578,173.6699981689453,171.4499969482422,173.44000244140625,173.44000244140625,43816600
502,2023-10-25,171.8800048828125,173.05999755859375,170.64999389648438,171.10000610351562,171.10000610351562,56939400
